{
  "indexes": [
    {
      "collectionGroup": "santri",
      "queryScope": "COLLECTION",
      "fields": [
        {
          "fieldPath": "status",
          "order": "ASCENDING"
        },
        {
          "fieldPath": "createdAt",
          "order": "DESCENDING"
        }
      ]
    },
    {
      "collectionGroup": "tagihan",
      "queryScope": "COLLECTION",
      "fields": [
        {
          "fieldPath": "dueDate",
          "order": "ASCENDING"
        },
        {
          "fieldPath": "createdAt",
          "order": "DESCENDING"
        }
      ]
    },
    {
      "collectionGroup": "transactions",
      "queryScope": "COLLECTION",
      "fields": [
        {
          "fieldPath": "date",
          "order": "DESCENDING"
        }
      ]
    }
  ],
  "fieldOverrides": []
}
