{
  "version": 2,
  "builds": [
    {
      "src": "package.json",
      "use": "@vercel/next"
    }
  ],
  "routes": [
    {
      "src": "/api/(.*)",
      "dest": "/api/$1"
    },
    {
      "src": "/admin/(.*)",
      "dest": "/admin/$1"
    },
    {
      "src": "/toko/(.*)",
      "dest": "/toko/$1"
    },
    {
      "src": "/ustadz/(.*)",
      "dest": "/ustadz/$1"
    },
    {
      "src": "/wali/(.*)",
      "dest": "/wali/$1"
    }
  ],
  "headers": [
    {
      "source": "/api/(.*)",
      "headers": [
        {
          "key": "Access-Control-Allow-Origin",
          "value": "*"
        },
        {
          "key": "Access-Control-Allow-Methods",
          "value": "GET, POST, PUT, DELETE, OPTIONS"
        },
        {
          "key": "Access-Control-Allow-Headers",
          "value": "Content-Type, Authorization"
        }
      ]
    }
  ]
}
